﻿<?xml version="1.0" encoding="utf-8"?>
<cars>
  <car>
    <model year="2009">E250</model>
    <engine model="CGI">
      <displacement>1.8</displacement>
      <hp>204</hp>
    </engine>
  </car>
  <car>
    <model year="2009">E350</model>
    <engine model="CGI">
      <displacement>3.5</displacement>
      <hp>292</hp>
    </engine>
  </car>
  <car>
    <model year="2012">A6</model>
    <engine model="FSI">
      <displacement>2.5</displacement>
      <hp>187</hp>
    </engine>
  </car>
  <car>
    <model year="2012">A6</model>
    <engine model="FSI">
      <displacement>2.8</displacement>
      <hp>220</hp>
    </engine>
  </car>
  <car>
    <model year="2012">A6</model>
    <engine model="TFSI">
      <displacement>3</displacement>
      <hp>295</hp>
    </engine>
  </car>
  <car>
    <model year="2011">A6</model>
    <engine model="TDI">
      <displacement>2</displacement>
      <hp>175</hp>
    </engine>
  </car>
  <car>
    <model year="2011">A6</model>
    <engine model="TDI">
      <displacement>3</displacement>
      <hp>309</hp>
    </engine>
  </car>
  <car>
    <model year="2012">S6</model>
    <engine model="TFSI">
      <displacement>4</displacement>
      <hp>414</hp>
    </engine>
  </car>
  <car>
    <model year="2012">S8</model>
    <engine model="TFSI">
      <displacement>4</displacement>
      <hp>513</hp>
    </engine>
  </car>
</cars>